USE `cashcard`;

-- Dumping data for table cashcard.balance: ~3 rows (approximately)
INSERT INTO `balance` (`id`, `balance`, `del_sp`) VALUES
	('12312312', 2175, '0000-00-00 00:00:00'),
	('1234', 0, '0000-00-00 00:00:00'),
	('1235', 65060, '0000-00-00 00:00:00');

-- Dumping data for table cashcard.category: ~3 rows (approximately)
INSERT INTO `category` (`id`, `name`, `color`, `del_sp`) VALUES
	(1, 'Melegétel', '#AABBCC', '0000-00-00 00:00:00'),
	(2, 'Tejtermék', '#11CC11', '0000-00-00 00:00:00'),
	(3, 'Pékáru', '#00FFFF', '0000-00-00 00:00:00');

-- Dumping data for table cashcard.product: ~96 rows (approximately)
INSERT INTO `product` (`id`, `code`, `name`, `price_huf`, `favourite`, `category_id`, `del_sp`) VALUES
	(1, NULL, 'Menü 1', 3490, 1, 1, '0000-00-00 00:00:00'),
	(2, NULL, 'Menü 2', 2990, 1, 1, '0000-00-00 00:00:00'),
	(3, NULL, 'Menü 3', 2490, 1, 1, '0000-00-00 00:00:00'),
	(4, NULL, 'Kakaóscsiga', 990, 0, 3, '0000-00-00 00:00:00'),
	(5, NULL, 'Lekváros bukta', 890, 0, 3, '0000-00-00 00:00:00'),
	(6, NULL, 'Pizzás táska', 890, 0, 3, '0000-00-00 00:00:00'),
	(7, NULL, 'Sonkás szendvics', 990, 0, 3, '0000-00-00 00:00:00'),
	(8, NULL, 'Rántotthúsos szendvics', 1090, 0, 3, '0000-00-00 00:00:00'),
	(9, NULL, 'Főétel 1', 2490, 1, 1, '0000-00-00 00:00:00'),
	(10, NULL, 'Főétel 2', 1990, 1, 1, '0000-00-00 00:00:00'),
	(11, NULL, 'Főétel 3', 1490, 1, 1, '0000-00-00 00:00:00'),
	(12, NULL, 'Leves 1', 2490, 1, 1, '0000-00-00 00:00:00'),
	(13, NULL, 'Leves 2', 1990, 1, 1, '0000-00-00 00:00:00'),
	(14, NULL, 'Leves 3', 1490, 1, 1, '0000-00-00 00:00:00'),
	(15, NULL, '1 Kakaóscsiga', 990, 0, 3, '0000-00-00 00:00:00'),
	(16, NULL, '1 Lekváros bukta', 890, 0, 3, '0000-00-00 00:00:00'),
	(17, NULL, '1 Pizzás táska', 890, 0, 3, '0000-00-00 00:00:00'),
	(18, NULL, '1 Sonkás szendvics', 990, 0, 3, '0000-00-00 00:00:00'),
	(19, NULL, '1 Rántotthúsos szendvics', 1090, 0, 3, '0000-00-00 00:00:00'),
	(20, NULL, '2 Kakaóscsiga', 990, 0, 3, '0000-00-00 00:00:00'),
	(21, NULL, '2 Lekváros bukta', 890, 0, 3, '0000-00-00 00:00:00'),
	(22, NULL, '2 Pizzás táska', 890, 0, 3, '0000-00-00 00:00:00'),
	(23, NULL, '2 Sonkás szendvics', 990, 0, 3, '0000-00-00 00:00:00'),
	(24, NULL, '2 Rántotthúsos szendvics', 1090, 0, 3, '0000-00-00 00:00:00'),
	(25, NULL, '3 Kakaóscsiga', 990, 0, 3, '0000-00-00 00:00:00'),
	(26, NULL, '3 Lekváros bukta', 890, 0, 3, '0000-00-00 00:00:00'),
	(27, NULL, '3 Pizzás táska', 890, 0, 3, '0000-00-00 00:00:00'),
	(28, NULL, '3 Sonkás szendvics', 990, 0, 3, '0000-00-00 00:00:00'),
	(29, NULL, '3 Rántotthúsos szendvics', 1090, 0, 3, '0000-00-00 00:00:00'),
	(30, NULL, '4 Kakaóscsiga', 990, 0, 3, '0000-00-00 00:00:00'),
	(31, NULL, '4 Lekváros bukta', 890, 0, 3, '0000-00-00 00:00:00'),
	(32, NULL, '4 Pizzás táska', 890, 0, 3, '0000-00-00 00:00:00'),
	(33, NULL, '4 Sonkás szendvics', 990, 0, 3, '0000-00-00 00:00:00'),
	(34, NULL, '4 Rántotthúsos szendvics', 1090, 0, 3, '0000-00-00 00:00:00'),
	(35, NULL, '5 Kakaóscsiga', 990, 0, 3, '0000-00-00 00:00:00'),
	(36, NULL, '5 Lekváros bukta', 890, 0, 3, '0000-00-00 00:00:00'),
	(37, NULL, '5 Pizzás táska', 890, 0, 3, '0000-00-00 00:00:00'),
	(38, NULL, '5 Sonkás szendvics', 990, 0, 3, '0000-00-00 00:00:00'),
	(39, NULL, '5 Rántotthúsos szendvics', 1090, 0, 3, '0000-00-00 00:00:00'),
	(40, NULL, '6 Kakaóscsiga', 990, 0, 3, '0000-00-00 00:00:00'),
	(41, NULL, '6 Lekváros bukta', 890, 0, 3, '0000-00-00 00:00:00'),
	(42, NULL, '6 Pizzás táska', 890, 0, 3, '0000-00-00 00:00:00'),
	(43, NULL, '6 Sonkás szendvics', 990, 0, 3, '0000-00-00 00:00:00'),
	(44, NULL, '6 Rántotthúsos szendvics', 1090, 0, 3, '0000-00-00 00:00:00'),
	(45, NULL, '7 Kakaóscsiga', 990, 0, 3, '0000-00-00 00:00:00'),
	(46, NULL, '7 Lekváros bukta', 890, 0, 3, '0000-00-00 00:00:00'),
	(47, NULL, '7 Pizzás táska', 890, 0, 3, '0000-00-00 00:00:00'),
	(48, NULL, '7 Sonkás szendvics', 990, 0, 3, '0000-00-00 00:00:00'),
	(49, NULL, '7 Rántotthúsos szendvics', 1090, 0, 3, '0000-00-00 00:00:00'),
	(50, NULL, '8 Kakaóscsiga', 990, 0, 3, '0000-00-00 00:00:00'),
	(51, NULL, '8 Lekváros bukta', 890, 0, 3, '0000-00-00 00:00:00'),
	(52, NULL, '8 Pizzás táska', 890, 0, 3, '0000-00-00 00:00:00'),
	(53, NULL, '8 Sonkás szendvics', 990, 0, 3, '0000-00-00 00:00:00'),
	(54, NULL, '8 Rántotthúsos szendvics', 1090, 0, 3, '0000-00-00 00:00:00'),
	(55, NULL, '9 Kakaóscsiga', 990, 0, 3, '0000-00-00 00:00:00'),
	(56, NULL, '9 Lekváros bukta', 890, 0, 3, '0000-00-00 00:00:00'),
	(57, NULL, '9 Pizzás táska', 890, 0, 3, '0000-00-00 00:00:00'),
	(58, NULL, '9 Sonkás szendvics', 990, 0, 3, '0000-00-00 00:00:00'),
	(59, NULL, '9 Rántotthúsos szendvics', 1090, 0, 3, '0000-00-00 00:00:00'),
	(60, NULL, '10 Kakaóscsiga', 990, 0, 3, '0000-00-00 00:00:00'),
	(61, NULL, '10 Lekváros bukta', 890, 0, 3, '0000-00-00 00:00:00'),
	(62, NULL, '10 Pizzás táska', 890, 0, 3, '0000-00-00 00:00:00'),
	(63, NULL, '10 Sonkás szendvics', 990, 0, 3, '0000-00-00 00:00:00'),
	(64, NULL, '10 Rántotthúsos szendvics', 1090, 0, 3, '0000-00-00 00:00:00'),
	(65, NULL, '11 Kakaóscsiga', 990, 0, 3, '0000-00-00 00:00:00'),
	(66, NULL, '11 Lekváros bukta', 890, 0, 3, '0000-00-00 00:00:00'),
	(67, NULL, '11 Pizzás táska', 890, 0, 3, '0000-00-00 00:00:00'),
	(68, NULL, '11 Sonkás szendvics', 990, 0, 3, '0000-00-00 00:00:00'),
	(69, NULL, '11 Rántotthúsos szendvics', 1090, 0, 3, '0000-00-00 00:00:00'),
	(70, NULL, '12 Kakaóscsiga', 990, 0, 3, '0000-00-00 00:00:00'),
	(71, NULL, '12 Lekváros bukta', 890, 0, 3, '0000-00-00 00:00:00'),
	(72, NULL, '12 Pizzás táska', 890, 0, 3, '0000-00-00 00:00:00'),
	(73, NULL, '12 Sonkás szendvics', 990, 0, 3, '0000-00-00 00:00:00'),
	(74, NULL, '12 Rántotthúsos szendvics', 1090, 0, 3, '0000-00-00 00:00:00'),
	(75, NULL, '13 Kakaóscsiga', 990, 0, 3, '0000-00-00 00:00:00'),
	(76, NULL, '13 Lekváros bukta', 890, 0, 3, '0000-00-00 00:00:00'),
	(77, NULL, '13 Pizzás táska', 890, 0, 3, '0000-00-00 00:00:00'),
	(78, NULL, '13 Sonkás szendvics', 990, 0, 3, '0000-00-00 00:00:00'),
	(79, NULL, '13 Rántotthúsos szendvics', 1090, 0, 3, '0000-00-00 00:00:00'),
	(80, NULL, '14 Kakaóscsiga', 990, 0, 3, '0000-00-00 00:00:00'),
	(81, NULL, '14 Lekváros bukta', 890, 0, 3, '0000-00-00 00:00:00'),
	(82, NULL, '14 Pizzás táska', 890, 0, 3, '0000-00-00 00:00:00'),
	(83, NULL, '14 Sonkás szendvics', 990, 0, 3, '0000-00-00 00:00:00'),
	(84, NULL, '14 Rántotthúsos szendvics', 1090, 0, 3, '0000-00-00 00:00:00'),
	(85, NULL, '15 Kakaóscsiga', 990, 0, 3, '0000-00-00 00:00:00'),
	(86, NULL, '15 Lekváros bukta', 890, 0, 3, '0000-00-00 00:00:00'),
	(87, NULL, '15 Pizzás táska', 890, 0, 3, '0000-00-00 00:00:00'),
	(88, NULL, '15 Sonkás szendvics', 990, 0, 3, '0000-00-00 00:00:00'),
	(89, NULL, '15 Rántotthúsos szendvics', 1090, 0, 3, '0000-00-00 00:00:00'),
	(90, NULL, '16 Kakaóscsiga', 990, 0, 3, '0000-00-00 00:00:00'),
	(91, NULL, '16 Lekváros bukta', 890, 0, 3, '0000-00-00 00:00:00'),
	(92, NULL, '16 Pizzás táska', 890, 0, 3, '0000-00-00 00:00:00'),
	(93, NULL, '16 Sonkás szendvics', 990, 0, 3, '0000-00-00 00:00:00'),
	(94, NULL, '16 Rántotthúsos szendvics', 1090, 0, 3, '0000-00-00 00:00:00'),
	(97, '123', 'asd', 123, 1, 1, '0000-00-00 00:00:00'),
	(98, NULL, 'asdasd', 123123, 1, 3, '0000-00-00 00:00:00');

-- Dumping data for table cashcard.sales: ~4 rows (approximately)
INSERT INTO `sales` (`id`, `transaction_id`, `balance_id`, `product_id`, `product_code`, `product_name`, `product_favourite`, `product_category_id`, `product_price_huf`, `eff_sp`) VALUES
	(15, 'e3928378-9c62-40a8-89bc-688c3cf4a729', '12312312', 3, NULL, 'Menü 3', 1, 1, 2490, '2025-09-14 23:51:27'),
	(16, 'e3928378-9c62-40a8-89bc-688c3cf4a729', '12312312', 2, NULL, 'Menü 2', 1, 1, 2990, '2025-09-14 23:51:27'),
	(17, '8c37178b-530a-465b-88f3-d35dcc0982b9', NULL, 14, NULL, 'Leves 3', 1, 1, 1490, '2025-09-14 23:55:34'),
	(18, '8c37178b-530a-465b-88f3-d35dcc0982b9', NULL, 14, NULL, 'Leves 3', 1, 1, 1490, '2025-09-14 23:55:34'),
	(19, '8c37178b-530a-465b-88f3-d35dcc0982b9', NULL, 3, NULL, 'Menü 3', 1, 1, 2490, '2025-09-14 23:55:34'),
	(20, '92419ed6-3e4b-44ef-9e58-c933dd16be79', NULL, 98, NULL, 'asdasd', 1, 3, 123123, '2025-09-15 07:17:50'),
	(21, '92419ed6-3e4b-44ef-9e58-c933dd16be79', NULL, 98, NULL, 'asdasd', 1, 3, 123123, '2025-09-15 07:17:50');
